Country code,GDP 60,GDP 65,GDP 70,GDP 75,GDP 80,GDP 85,Worker 60,Worker 65,Worker 70,Worker 75,Worker 80,Worker 85,Life expectation 60,Life expectation 65,Life expectation 70,Life expectation 75,Life expectation 80,Life expectation 85,Expenses on education 60-65,Expenses on education 65-70,Expenses on education 70-75,Expenses on education 75-80,Expenses on education 80-85,Expenses on defense 60-65,Expenses on defense 65-70,Expenses on defense 70-75,Expenses on defense 75-80,Expenses on defense 80-85,Average school years 60,Average school years 65,Average school years 70,Average school years 75,Average school years 80,Average school years 85,Political Instability 60-65,Political Instability 65-70,Political Instability 70-75,Political Instability 75-80,Political Instability 80-85,Civil Liberties 70-75,Civil Liberties 75-80,Civil Liberties 80-85,Civil Liberties 85-90,Political rights 70-75,Political rights 75-80,Political rights 80-85,Political rights 85-90,Population 60,Population 65,Population 70,Population 75,Population 80,Population 85,Export 60-65,Export 65-70,Export 70-75,Export 75-80,Export 80-85,Import 60-65,Import 65-70,Import 70-75,Import 75-80,Import 80-85
1,1302,1244,1551,1573,1998,2142,0.2644,0.2432,0.2142,0.2156,0.217,0.2226,47.3,50.2,52.7,55,58.4,61.5,0.0448,0.0481,0.0567,0.062,0.0594,0.03,0.029,0.02,0.021,0.019,0.85,0.627,0.799,1.11,1.868,2.394,    ,0.1665,0,0,0,6,6,6,5.4,6,6,6,5.6,10800,11923,13746,16018,18740,21788,0.2546,0.1903,0.1905,0.2742,0.2614,0.309,0.1832,0.2257,0.3475,0.2371
2,880,1008,1146,729,694,609,0.4816,0.4591,0.438,0.4454,0.4503,0.4321,    ,    ,    ,    ,    ,    ,     ,     ,     ,     ,      ,     ,     ,     ,0.14,0.151,    ,    ,    ,    ,    ,    ,    ,     ,    ,0.4,1,6.333333,6.6,6.8,7,4.666667,7,7,7,4816,5180,5588,6520,7723,8754,    ,     ,    ,     ,     ,    ,     ,     ,     ,
3,595,633,571,589,534,525,0.6136,0.5796,0.5464,0.53,0.5125,0.4857,38.9,41.9,44,45.3,47.1,49.4,0.025,0.0325,0.0399,     ,      ,0.018,0.021,0.02,0.014,0.019,    ,    ,    ,0.364,0.652,0.698,    ,     ,    ,0.1,0,7,7,7,7,5.333333,6.6,6.2,7,2237,2430,2693,3033,3459,3985,0.0239,0.0422,0.0712,0.0975,0.0804,0.0458,0.0713,0.0994,0.1705,0.1528
4,493,530,881,1107,1477,1762,0.4385,0.4083,0.3814,0.3661,0.3562,0.3561,45.7,47.7,49.7,51.7,55.1,58.3,0.0378,0.0508,0.0546,0.0752,0.0665,     ,     ,     ,0.035,0.03,1.271,1.321,1.343,1.835,2.29,3.7,    ,0,0,0,0,2.333333,2,2,2,3.333333,3,3,2.8,481,549,623,755,902,1083,0.0805,0.0845,0.1545,0.2402,0.2765,0.1574,0.2216,0.2831,0.3432,0.3622
5,   ,287,305,329,358,377,     ,0.5257,0.5103,0.5057,0.4915,0.4775,36.3,38.3,40.4,42.4,44.4,46.4,     ,     ,0.0295,0.0276,0.0311,0.017,0.014,0.013,0.03,0.031,    ,    ,    ,    ,    ,    ,    ,0.1,0.1,0,0,5,4,6.2,6.6,4.333333,4,5.2,5.8,4452,4961,5550,6202,6957,7877,    ,0.0386,0.0438,0.0633,0.0583,    ,0.0786,0.1146,0.1864,0.1622
6,412,263,315,294,333,345,0.6025,0.6004,0.5974,0.5741,0.554,0.5369,41.8,43.7,44.7,45.4,46.3,47.9,0.0195,     ,     ,0.0296,0.0339,0.014,0.014,0.018,0.025,0.032,    ,    ,    ,    ,    ,    ,    ,0.1665,0.2286,0.1,1,7,7,6.6,6.8,7,6,6,6,2948,3224,3522,3680,4132,4731,0.0839,0.0588,0.0444,0.0617,0.0482,0.0966,0.0723,0.0595,0.0938,0.1208
7,507,556,703,756,875,1095,0.4884,0.4878,0.4767,0.4503,0.4159,0.3884,43.4,45.6,48.9,51.5,53,55.1,0.015,0.0242,0.0338,0.0307,0.0309,0.024,0.022,0.018,0.015,0.017,    ,    ,    ,1.246,1.758,2.23,0.1,0,0,0,0,6,6.2,6,6,4,5.2,6.2,6.2,5297,5874,6610,7520,8653,10051,    ,0.1259,0.1079,0.1413,0.1622,    ,0.1063,0.1158,0.169,0.1532
9,485,463,511,491,487,434,0.6037,0.5842,0.5642,0.5546,0.5249,0.4964,39.3,40.4,42.4,44.7,46.8,49.1,0.0231,0.0367,     ,0.0388,0.0541,0.009,0.019,0.024,0.021,0.022,    ,    ,0.337,0.51,0.812,1.261,0,0.2,0,0.2,0,7,7,7,6.4,7,6.8,5.4,6,1534,1677,1849,2057,2320,2646,0.076,0.0942,0.0839,0.1164,0.1127,0.1316,0.1509,0.1261,0.1745,0.1746
10,515,496,466,461,353,254,0.3927,0.3853,0.3781,0.3728,0.3652,0.3567,34.9,36.4,38.2,40.2,42.2,44.5,     ,0.0226,     ,     ,      ,0.007,0.03,0.05,0.032,     ,    ,    ,    ,    ,    ,    ,0,0.1,0.2,0.6476,1,6,6.8,6.6,6.6,7,6,6.4,6.8,3064,3334,3652,4030,4477,5018,0.0671,0.0699,0.0789,0.0891,0.0597,0.0949,0.1019,0.1101,0.1553,0.1103
12,563,841,992,859,981,1338,0.4611,0.4503,0.4354,0.4246,0.4044,0.3769,47.3,49.4,51.3,53.3,55.4,57.7,0.0317,0.0545,0.0551,0.0784,0.0538,0.025,0.039,0.046,0.049,0.024,    ,    ,    ,    ,2.279,3.143,0.1,0.394,0.283,0.237,0,5.666667,6.2,7,7,6.333333,6.2,6.2,6,988,1111,1263,1447,1669,1939,0.1583,0.1979,0.1963,0.2949,0.3736,0.4166,0.3273,0.2856,0.4212,0.3983
13,496,644,671,780,995,1188,0.2906,0.2824,0.2775,0.2805,0.2721,0.2698,46.4,48.8,51.1,54.2,57.1,59.6,0.0509,0.0476,0.0535,0.0462,0.052,0.062,0.097,0.251,0.235,0.117,    ,    ,    ,1.32,    ,    ,0,0.103405,0.102815,0.1,1,6,5.2,4.8,4.8,4.666667,4.4,5.2,4,25922,29389,33053,36289,40875,46511,0.1986,0.1427,0.098,0.1018,0.1074,0.2413,0.1714,0.1423,0.1696,0.159
14,285,320,341,329,325,310,0.5117,0.5068,0.4976,0.483,0.4667,0.4539,42.2,42.8,43.3,44.1,43.5,45.3,0.0109,0.0153,0.0239,0.0231,0.0355,0.022,0.026,0.021,0.062,0.086,    ,    ,    ,    ,    ,    ,0.1,0,0.30625,0.92845,1,5.666667,7,7,6.6,5.333333,6.6,7,7,24191,27150,30623,34309,38750,43083,0.0537,0.0575,0.0599,0.0551,0.046,0.0611,0.0695,0.0584,0.0712,0.0728
15,804,1286,2082,3099,2973,3103,0.9541,0.9341,0.9167,0.756,0.6298,0.5196,40.9,42.4,44.2,46.3,48.4,51.1,0.0276,0.0348,0.0303,0.0243,0.0316,0.01,0.013,0.013,0.017,0.024,    ,    ,    ,    ,    ,    ,0.1,0,0,0,0,6,6,6,6,6,6,6,6,486,495,504,637,806,985,0.2937,0.4522,0.4701,     ,0.5707,0.2533,0.3836,0.4104,     ,0.3882
16,433,510,566,560,556,526,0.5296,0.5191,0.5141,0.492,0.4559,0.4105,32.3,34.1,36.1,38.1,40.2,42.4,0.0278,0.0291,0.0276,0.0319,0.0372,     ,     ,0,0,0.002,    ,    ,    ,0.503,0.654,0.837,    ,0,0,0,0,2,2,2.8,2.8,2,2,3.4,3.2,352,404,464,548,641,745,0.4183,0.4477,0.288,0.3706,0.3019,0.371,0.3659,0.2908,0.4779,0.4388
17,534,527,568,495,421,349,0.4342,0.4097,0.3993,0.3935,0.4053,0.3934,45.2,47.5,49.4,50.6,51.6,53.2,0.0306,0.0476,0.0439,0.0418,0.0233,0.018,0.022,0.016,0.009,0.004,0.69,1.169,2.027,2.08,2.382,3.216,0.04025,0.2,0.1,0.1,0,6.666667,6,4.6,6.6,5.333333,4.6,4.4,5.8,6774,7828,8612,9831,10736,12839,0.135,0.12,0.1197,0.1547,0.1188,0.1664,0.1438,0.1196,0.1612,0.1375
18,411,450,386,409,449,452,0.4906,0.4924,0.4891,0.4875,0.4814,0.4682,    ,    ,    ,    ,    ,    ,     ,     ,     ,     ,      ,0.025,0.047,     ,     ,     ,    ,    ,    ,    ,    ,    ,0,0.1,0.14295,0.1,    ,7,7,7,7,7,7,6.6,5.6,3136,3488,3900,4149,4461,4987,    ,     ,    ,     ,     ,    ,     ,     ,     ,
20,743,889,1028,1050,1110,920,0.5402,0.5195,0.4995,0.4626,0.4259,0.3954,39.5,42,44.5,47,49.5,51.7,0.0406,0.0567,0.0673,0.0655,      ,0.01,0.013,0.012,0.009,0.011,    ,    ,    ,    ,    ,    ,0,0,0,0,0,6,6,5.4,6,6,5,5,5.2,3799,4527,5515,6755,8194,9933,0.2131,0.2001,0.1926,0.2736,0.2245,0.1748,0.1627,0.1665,0.2637,0.2384
21,470,453,552,603,662,598,0.4456,0.4379,0.4304,0.4307,0.4252,0.4122,45,47.5,50,52.5,54.9,57.1,0.0374,0.044,0.0486,0.0564,0.062,0.003,0.011,0.014,0.032,0.034,1.161,1.136,1.306,1.428,2.444,3.093,    ,0.015,0,0.0073,0,5,5,5.2,6,4,4.8,4.6,5.6,8332,9749,11498,13741,16632,20096,0.1815,0.1586,0.1254,0.1435,0.1158,0.1709,0.1563,0.1405,0.1595,0.1411
22,245,310,360,540,694,771,0.5432,0.5271,0.5114,0.5029,0.4885,0.4725,47.7,48.4,49,50.4,52.2,54.5,0.0461,0.0414,0.0454,     ,0.0889,     ,     ,0,0,0.026,2.479,2.71,2.812,2.958,3.27,3.508,    ,0,0.1,0,0,5.666667,5,5,5.4,4,4.2,5,5.4,870,963,1064,1187,1339,1538,0.0501,0.0467,0.0625,0.0553,0.0553,0.2423,0.2718,0.3493,0.3979,0.4292
23,449,557,708,681,680,491,0.419,0.414,0.4091,0.401,0.3911,0.371,41.5,44,46.5,49,51.5,53.7,0.0135,0.0209,0.0204,0.0368,0.0553,0.009,0.009,0.008,0.009,0.041,0.562,0.698,0.642,1.174,1.345,1.845,0,0,0,0,1,6,6,5.8,5.2,4,4.2,5.6,5,1039,1195,1385,1609,1876,2199,0.2056,0.3713,0.3687,0.3216,0.2868,0.2316,0.2589,0.265,0.3315,0.2836
24,659,614,673,593,589,497,0.5114,0.5003,0.4892,0.4838,0.4703,0.4416,41,43,45.4,48.3,50.7,52.7,0.0225,0.0607,0.0388,0.05,0.0404,0.013,0.015,0.014,0.023,0.026,    ,    ,    ,    ,    ,    ,    ,     ,    ,0,0,5,5.4,5.4,5,3.666667,5.2,5.8,5,5309,6016,6742,7595,8785,10237,0.0516,0.0672,0.0666,0.0887,0.0659,0.0685,0.0894,0.0801,0.1195,0.1145
25,237,261,301,409,417,387,0.4976,0.4946,0.4786,0.4612,0.4436,0.4173,37.9,39.1,40.4,42,43.7,45.4,0.0132,0.0202,0.0343,0.0256,0.0293,0.005,0.005,0.007,0.024,0.027,1.615,1.658,1.95,2.19,2.271,2.577,    ,0,0,0,0,7,6.6,6,6.2,6,6.2,7,6.8,3529,3975,4518,5244,6183,7340,0.0836,0.0819,0.0837,0.1025,0.0891,0.1395,0.1349,0.1246,0.1534,0.1139
26,396,327,317,323,356,355,0.3946,0.3787,0.3624,0.3567,0.3483,0.3517,35.9,38.2,40.4,42.6,44.4,46.3,     ,0.0711,     ,0.0719,0.0362,0.028,0.022,0.023,     ,0.055,    ,    ,0.165,0.304,0.57,0.819,0.1,0.1,0,0.2,0,7,7,7,6.6,6,6.8,6,6,4375,4922,5484,6169,6863,7915,    ,0.0594,0.0556,0.071,0.0736,    ,0.0936,0.1166,0.1624,0.1532
27,1012,1153,1025,1367,1484,1869,0.3692,0.3618,0.3549,0.3453,0.3331,0.3341,35.3,37.1,39.1,41.2,43.2,45.2,0.0325,     ,0.0378,0.04,      ,0.026,0.013,0.016,0.129,0.074,    ,    ,    ,    ,    ,    ,0,0,0,0.1,1,5.333333,6,7,6.6,6,6,6,6,991,1096,1221,1371,1551,1766,0.1145,0.2298,0.2538,0.1779,0.2248,0.262,0.1669,0.2527,0.3323,0.3909
28,542,826,876,963,1199,1221,0.297,0.3039,0.3112,0.331,0.3427,0.3824,59.4,61,62.4,64.1,65.4,66.3,0.0274,0.0279,0.0299,0.0503,0.0453,0.002,0.003,0.016,0.006,0.003,2.437,2.94,3.336,3.709,4.307,4.59,    ,0,0,0,0,3,2,2,2,2,2.8,2.6,2,660,753,826,892,966,1020,0.1505,0.1425,0.1803,0.1977,0.1689,0.1619,0.1422,0.1769,0.2316,0.1897
29,414,527,570,600,576,550,0.2809,0.2698,0.2644,0.2773,0.2935,0.3018,46.9,49.4,51.9,54.6,57.3,59.8,0.0337,0.0348,0.0397,0.0597,0.068,0.027,0.026,0.031,0.051,0.058,    ,    ,    ,    ,    ,    ,0,0,0.1062,0,1,5,4,4,4,4.666667,4.2,4.8,4.8,11626,13323,15310,17305,19382,22025,0.1148,0.0957,0.1101,0.1042,0.0869,0.1241,0.1005,0.1194,0.1912,0.1386
30,798,864,1020,789,637,528,0.5247,0.5148,0.5049,0.5395,0.5705,0.5562,35.2,37.7,40.5,42.7,44.7,47,     ,     ,     ,     ,      ,     ,     ,     ,     ,0.087,0.402,0.441,0.716,0.781,0.861,1.077,    ,     ,    ,0.5,1,6.333333,6.8,6.8,6,6,6.8,6.8,7,7461,8338,9395,10498,12095,13711,    ,     ,    ,     ,0.0226,    ,     ,     ,     ,0.0578
31,284,340,401,361,441,429,0.591,0.5817,0.573,0.5472,0.5195,0.5012,35.4,36.9,38.4,39.9,41.7,43.7,0.0057,0.0082,0.0114,0.0264,0.0308,0.01,0.011,0.009,0.009,0.007,0.846,0.691,0.574,0.506,0.504,0.541,0.1,0,0,0.1,0,6.666667,7,7,6.8,6,6,6,6,3028,3660,4165,4771,5586,6608,0.063,0.0638,0.0779,0.1528,0.1261,0.0876,0.0919,0.1297,0.2153,0.1816
32,552,569,630,705,824,581,0.3527,0.3546,0.3571,0.3678,0.3787,0.367,39.7,41.7,43.7,45.7,47.7,50.1,0.0145,0.0143,0.0285,0.0312,0.015,0.006,0.034,0.045,0.045,0.022,    ,    ,    ,    ,    ,    ,0,0.50167,0.1,0.201305,1,6,4.8,3,6.2,4,3.8,3.4,5,42305,48676,56581,66346,78430,92016,0.0511,0.0652,0.0962,0.1754,0.1543,0.0635,0.0735,0.067,0.1714,0.1546
33,244,152,268,350,379,341,0.5587,0.5452,0.5322,0.526,0.5197,0.5083,46.5,48.9,47.7,45,45.4,47.6,     ,0.0391,0.0265,0.0222,0.0337,0.026,0.021,0.02,0.02,0.019,    ,    ,    ,0.748,0.988,0.836,    ,0,0.1,0,0,7,6.6,6,6,5.333333,5.2,6,6,2742,3183,3728,4384,5163,6102,0.0333,0.032,0.0276,0.0635,0.0464,0.0412,0.053,0.0424,0.0869,0.087
34,756,800,760,758,744,754,0.4207,0.4268,0.4329,0.4529,0.4628,0.4412,39.6,41.1,42.6,44.2,45.2,46.7,0.0219,0.03,0.0345,     ,      ,0.011,0.019,0.019,0.028,0.028,1.545,1.343,1.662,1.912,1.989,2.393,0,0.1486,0,0,0,6,5,3.8,3.2,5.333333,3.4,4,3.8,3187,3626,4158,4806,5538,6375,0.1732,0.1218,0.1532,0.1991,0.1354,0.2103,0.1501,0.1852,0.2458,0.1952
36,281,411,459,495,512,443,0.4638,0.4507,0.4384,0.4167,0.3927,0.3697,31.5,32.8,34.3,36.1,38.1,40.3,0.0278,0.0322,0.0338,0.0354,0.037,0.007,0.007,0.009,0.009,0.009,0.528,0.727,0.934,1.517,1.577,1.721,    ,0.5,0.137,0,0,5.333333,5.6,4.8,5.2,5,5,5,5,2241,2429,2656,2931,3263,3665,0.1261,0.1121,0.0862,0.0688,0.0579,0.1398,0.1212,0.0925,0.0917,0.0969
37,483,396,374,409,415,348,0.4142,0.3797,0.3481,0.3654,0.3869,0.3714,36.1,38.1,40.1,42.3,44.2,46.1,0.0082,0.0093,0.0116,0.02,0.0098,     ,     ,0.036,0.039,     ,    ,    ,    ,    ,    ,    ,0.1,0.1288,0.2,0.1,1,7,7,7,7,6,6.8,7,7,2935,3267,3668,4156,5345,6370,0.0529,0.0585,0.0511,0.074,0.2138,0.0774,0.0838,0.0888,0.1906,0.6122
38,2627,3142,3609,4095,4286,3885,0.352,0.3613,0.3708,0.3505,0.3341,0.3428,49.2,51.1,53.1,55.1,57.1,59.4,0.0309,     ,     ,0.0391,      ,0.017,0.024,0.023,0.044,0.037,4.064,4.101,4.466,4.53,4.613,4.955,0.0111,0.00486,0.00424,0.1188,1,4,4.6,5,5.2,5,5.6,6,5.8,17396,19832,22458,25301,28270,31569,0.1442,0.1303,0.1343,0.1849,0.1779,0.1128,0.1215,0.1359,0.1586,0.1601
39,667,729,683,645,652,540,0.3519,0.3469,0.3375,0.3332,0.3258,0.3205,38.8,40.2,41.9,44.1,46.7,49,0.0195,0.0387,0.0506,0.0471,0.0471,0.019,0.033,0.04,0.022,0.022,0.274,0.301,0.363,0.481,0.64,0.909,0,0.3,0.507,0.4,1,6,5.6,5.2,5,6,5.4,5.4,5.6,11165,12359,13859,16012,18681,21822,0.0729,0.0672,0.0692,0.0615,0.0435,0.0667,0.0601,0.0748,0.1132,0.0953
40,441,631,743,1041,1079,1187,0.5457,0.5092,0.4739,0.4581,0.4344,0.4105,40.4,43.3,46.1,48.8,51.7,54.4,0.0229,0.036,0.0423,0.05,0.0605,     ,     ,0,0.015,0.021,1.663,1.594,1.808,3.024,3.02,3.772,    ,0,0,0,0,5.333333,5.8,5,5.2,3.333333,4.4,5.2,5.8,326,370,419,482,563,664,0.1489,0.235,0.2692,0.2604,0.2904,0.1328,0.2138,0.2182,0.2844,0.4217
41,208,256,283,318,353,355,0.5506,0.5412,0.5308,0.5183,0.507,0.4908,40.6,42.9,45.1,47.4,49.7,52.1,     ,0.0286,0.0368,0.0547,0.0436,0.019,0.026,0.037,0.064,0.037,1.337,1.987,2.111,1.946,2.425,2.286,    ,0,0.0069,0,1,6,6,6,6,6,6,6,6,10026,11586,13513,15900,18867,22748,0.1797,0.1729,0.1484,0.1204,0.0628,0.1481,0.1558,0.1864,0.1847,0.1182
42,415,550,644,663,625,489,0.4639,0.4563,0.4489,0.4403,0.4318,0.4095,39.5,42,44.5,47,49.5,52,0.0187,0.0187,0.0344,0.0591,0.0569,0.008,0.012,0.012,0.03,0.023,0.208,0.347,0.485,0.937,1.623,2.132,0.1,0.154,0.1,0,0,7,7,6.8,6,5.666667,6,6,6,1514,1627,2020,2285,2615,3028,0.1172,0.1416,0.1631,0.1882,0.1904,0.1628,0.139,0.1637,0.3229,0.2457
43,852,925,1076,1513,1845,2050,0.2798,0.2703,0.2586,0.2835,0.2989,0.3063,48.6,51.1,54.2,58.3,61.9,64.4,0.0556,0.0454,0.0572,0.0593,0.0474,0.019,0.015,0.014,0.023,0.044,0.446,0.706,0.901,1.25,1.918,2.478,0.02325,0,0,0,0,6,6,5.2,5.4,5,5,5,4.6,4221,4630,5127,5611,6384,7261,0.094,0.0945,0.1345,0.183,0.174,0.1438,0.1302,0.1436,0.2257,0.2135
44,322,333,352,347,257,347,0.4953,0.4874,0.4867,0.487,0.4873,0.4804,43.2,45.2,46.6,46.4,46,47.3,0.0237,0.0279,0.0339,0.0207,0.0221,0.003,0.017,0.032,0.029,0.024,1.15,1.138,1.047,1.263,1.641,1.917,    ,0.0175,0.3302,0.1259,1,7,6.8,4.6,5.2,7,6.8,5,4.2,6562,8047,9806,11183,13120,15647,0.4558,0.4799,0.3468,0.2101,0.1476,0.3633,0.4567,0.3327,0.2121,0.165
45,314,305,358,354,224,210,0.4755,0.4621,0.4454,0.4249,0.3957,0.38,42.1,43.4,45.2,47.2,49.2,51.5,     ,0.0161,     ,     ,      ,0.024,0.046,0.046,0.038,0.019,0.618,0.841,1.085,1.369,1.738,2.243,    ,     ,0,0.404465,1,7,6.8,6,6.6,6,6,6.6,6.8,15310,17335,19769,22726,26225,30398,0.2863,0.2809,0.1845,0.2322,0.2895,0.2077,0.2065,0.1441,0.2466,0.3172
46,740,854,789,883,716,584,0.3623,0.3576,0.3522,0.3454,0.3386,0.3344,41.8,44.3,46.5,48.5,50.1,52.1,0.0222,0.0489,0.0523,0.0568,0.0492,0.015,0.015,0.035,0.07,0.031,1.643,2.093,2.119,2.559,3.459,4.349,    ,0,0,0,0,5,5,5,5.4,4.333333,5,5.8,5,3141,3614,4189,4841,5738,7006,0.3089,0.376,0.3105,0.2803,0.2528,0.213,0.2694,0.2543,0.2917,0.2914
47,615,680,810,1000,930,948,0.4416,0.4328,0.4284,0.4268,0.425,0.4057,45.5,48,50.5,52.9,55,57.3,0.0164,0.0364,0.0304,0.0387,0.0711,0.015,0.017,0.032,0.061,0.062,1.667,1.802,1.856,2.147,2.395,2.627,    ,0,0,0.4321,1,6,5.4,3.4,5,5,5,4.8,5.4,3812,4466,5260,6143,7126,8292,    ,     ,    ,0.1995,0.1507,    ,     ,     ,0.1891,0.175
49,1747,2178,3147,3532,4454,5212,0.3939,0.3872,0.3807,0.4212,0.4739,0.502,    ,    ,    ,70.8,    ,    ,0.0272,0.0507,0.0637,0.0674,0.0613,     ,     ,0.002,0.002,0.01,5.505,6.428,9.061,8.308,6.745,7.48,    ,0,0,0,0,1,1,1,1,1,1,1.2,1.2,231,235,239,246,249,253,0.216,0.2588,0.2708,0.2906,0.429,0.2682,0.3083,0.3249,0.3559,0.4705
50,6069,7296,8495,10147,11332,12196,0.3727,0.3874,0.4083,0.4475,0.4928,0.5013,71.1,71.8,72.5,73.4,74.7,76.2,0.0465,0.0695,0.077,0.0752,0.0726,0.04,0.027,0.021,0.019,0.019,8.071,8.317,8.554,9.497,10.158,10.369,0,0,0.0094,0,0,1,1,1,1,1,1,1,1,17909,19678,21324,22727,24043,25379,0.1741,0.1975,0.2558,0.2639,0.2624,0.175,0.1942,0.2412,0.2661,0.2362
51,1663,1930,2300,2646,3031,2650,0.3022,0.3011,0.3075,0.3264,0.3503,0.3632,61.9,64.6,67.1,69.1,71.7,73.4,0.0375,0.0569,0.0511,0.0581,0.0566,0.011,0.01,0.005,0.007,0.007,3.472,3.833,3.611,4.48,4.814,5.333,0,0,0,0,0,1,1,1,1,1,1,1,1,1236,1482,1731,1968,2284,2642,0.1265,0.1263,0.1526,0.1697,0.1585,0.1496,0.1577,0.1976,0.2144,0.1742
53,956,992,1232,1640,1868,1753,0.2806,0.2709,0.2616,0.2671,0.2757,0.2902,52.2,55.7,58.7,61.2,63.3,65.2,0.0193,0.028,0.0279,0.0203,0.0212,0.039,0.029,0.018,0.017,0.016,2.375,2.557,2.866,3.314,3.709,4.177,0.22925,0.3005,0.022,0.2,1,3.666667,3.2,1.4,1,2,2.4,2.6,3,3231,3806,4423,5048,5697,6416,0.1407,0.1097,0.1111,0.1366,0.1005,0.1313,0.1316,0.141,0.1627,0.135
54,1062,1290,1358,1482,1410,1198,0.3262,0.3314,0.3297,0.3353,0.3505,0.3842,50.8,54.5,57.6,58,57.3,60.2,0.0257,0.0276,0.0322,0.0335,0.0356,0.012,0.015,0.013,0.018,0.04,1.7,1.9,2.157,2.729,3.283,3.574,0.2,0,0.1,0.477,1,2,3.4,4.4,2.8,3,3.2,4.8,3.8,2570,3006,3588,4085,4525,4768,0.1211,0.1161,0.1148,0.1577,0.1328,0.1308,0.1301,0.1244,0.1693,0.1555
56,1268,1365,1544,1717,1952,1608,0.3198,0.3105,0.3025,0.2934,0.2844,0.2839,45.9,48.9,52.5,55.5,58,60.8,0.0151,0.0188,0.0191,0.0162,0.018,0.009,0.01,0.01,0.013,0.023,1.155,1.426,1.714,1.885,2.342,2.591,0.4242,0.1265,0.345,0.34,1,3.333333,3.6,5.6,3.2,3,3.8,6,3.2,3964,4568,5246,6023,6917,7963,0.0634,0.0797,0.0855,0.1162,0.0872,0.0762,0.0868,0.0881,0.1373,0.1055
57,605,581,550,568,696,631,0.533,0.5227,0.5203,0.4938,0.4726,0.4765,42.4,45.2,47.6,49.8,51.9,53.9,0.0164,0.014,0.008,0.0126,0.0121,0.025,0.019,0.014,0.013,0.013,0.691,0.821,0.958,1.176,1.455,1.621,0.12595,0.07,0.1,0.0198,1,6.333333,6.4,6.8,6.4,6,5.8,6,5,3807,4147,4535,4937,5370,5889,0.0471,0.0364,0.0371,0.0567,0.0595,0.0559,0.047,0.0513,0.0851,0.0935
58,748,824,927,895,1075,911,0.3195,0.3046,0.3007,0.2997,0.2946,0.2973,46.8,49.7,52.7,56.2,60.2,63.2,0.0218,0.0284,0.0299,0.0336,0.0345,0.017,0.014,0.016,0.02,0.039,1.686,1.837,1.947,2.092,2.698,3.561,0.1,0,0.1,0.2,1,6.333333,6,2.8,2,3,3,3,3,1935,2293,2627,3081,3662,4383,0.1422,0.1938,0.1828,0.2017,0.1844,0.1455,0.1955,0.2058,0.2326,0.2166
59,1472,1807,2422,2293,1858,1725,0.41,0.3949,0.3804,0.4014,0.4354,0.4688,63,65.5,67.2,68.5,71.3,73.5,0.0232,0.0362,0.0504,0.0645,0.063,0.004,0.005,0.005,0.008,0.015,2.463,2.665,3.202,3.413,3.602,4.162,    ,0,0,0.145,1,1,1.6,2,2,2,2.8,3,2.4,1629,1760,1869,2013,2133,2311,0.259,0.2641,0.2351,0.2718,0.2599,0.275,0.286,0.291,0.3058,0.3097
60,2157,2575,3063,3586,4333,3985,0.2892,0.2822,0.2746,0.29,0.316,0.3321,57.3,59.6,61.7,64.3,66.6,68.1,0.0139,0.0219,0.0238,0.0373,0.0312,0.007,0.007,0.007,0.006,0.006,2.405,2.789,3.307,3.47,3.512,4.418,0,0,0.001715,0.00149,0,4.333333,3.8,3,3.8,3,3.6,4,3.8,38020,44752,52771,61918,70416,79376,0.0342,0.0327,0.0335,0.0412,0.0703,0.0428,0.0412,0.0444,0.0526,0.0572
61,1588,2217,2292,2461,2012,1989,0.2966,0.2984,0.3013,0.2965,0.2977,0.3035,47.3,50.4,53.5,55.7,58.4,61.9,0.0173,0.0229,0.0236,0.026,0.0444,0.018,0.015,0.015,0.025,0.071,2.074,2.148,2.424,2.359,2.735,3.776,0,0,0,0.3905,1,4.666667,5,5.6,5,3.666667,4.8,5,5,1493,1750,2053,2408,2771,3272,0.0864,0.0918,0.1006,0.1423,0.0823,0.0931,0.1085,0.1168,0.1375,0.1575
62,1255,1604,2093,2417,2810,2912,0.3336,0.3342,0.3364,0.3328,0.3359,0.3486,60.9,63.3,65.5,68.1,70.3,71.6,0.0379,0.0421,0.0565,0.0539,0.0479,0.005,0.005,0.008,0.012,0.014,4.263,4.295,4.56,5.135,5.982,6.3,0,0.369,0.0655,0,0,7,6,4.4,6,6,5.4,4,4.4,1148,1326,1531,1748,1956,2180,0.258,0.2693,0.2426,0.2676,0.2503,0.2866,0.2774,0.2743,0.3068,0.268
65,4904,5791,6957,5591,7161,6884,0.3621,0.3294,0.3319,0.3516,0.3626,0.3797,63.9,65.3,66.2,67.1,68.2,69.4,0.0221,0.0345,0.0403,0.0353,0.0517,0.004,0.003,0.003,0.012,0.024,4.599,4.608,4.56,5.3,6.599,6.503,    ,0,0.1,0,0,2,2,1.4,1,2.333333,2,2,1.4,843,896,971,1012,1082,1178,0.377,0.2637,0.2399,0.271,0.252,0.3047,0.23,0.2111,0.2084,0.253
66,7380,8634,9459,10197,11404,12532,0.405,0.4111,0.4254,0.4533,0.4825,0.4881,69.8,70.2,70.8,72.6,73.7,74.9,0.0474,0.0561,0.0637,0.0626,0.0674,0.088,0.087,0.067,0.054,0.061,8.667,9.359,10.143,10.771,11.888,11.787,0.001585,0.00253,0.000468,0.001385,1,1,1,1,1,1,1,1,1,180671,194303,205051,215972,227757,239283,0.0594,0.0614,0.0783,0.1042,0.1165,0.046,0.053,0.0703,0.0961,0.1137
67,3091,3470,4002,4214,4342,3486,0.3934,0.3906,0.3897,0.3765,0.3649,0.3588,65.2,65.8,66.8,68.1,69.3,70.2,0.0236,0.024,0.0243,0.0248,0.0311,0.021,0.02,0.017,0.045,0.053,4.985,5.336,5.893,6.024,6.63,6.676,0.90485,0.10845,0.6065,0.402,1,3.333333,5.6,4.6,2,3.666667,5.2,4,1.4,20616,22283,23962,26052,28237,30331,0.0524,0.0515,0.0625,0.086,0.0884,0.0523,0.0415,0.0578,0.0681,0.0816
68,882,1022,1237,1485,1529,1089,0.3454,0.3367,0.3267,0.3203,0.3122,0.3119,42.8,44.4,46.1,47.9,49.9,52.2,0.0161,0.0277,0.041,0.0393,0.0253,0.016,0.019,0.016,0.029,0.042,3.089,3.774,3.656,3.745,3.971,4.285,0.32665,0.32605,1.0685,0.3,0,5.666667,5.2,4,2.2,4.666667,3.6,3.8,3,3428,3841,4325,4894,5570,6371,0.056,0.0845,0.1071,0.1331,0.1668,0.0826,0.1017,0.1028,0.1554,0.1243
69,991,1391,1782,2589,3356,3282,0.3215,0.3219,0.3291,0.3458,0.3648,0.3662,54.9,57.1,59,61,62.8,64.3,0.0179,0.0255,0.0293,0.0307,0.0356,0.017,0.026,0.02,0.01,0.008,2.642,2.605,2.92,2.78,2.976,3.486,0.2,0.00214,0,0,0,4.333333,4,3.4,2.2,4.333333,4.4,3,2.2,72594,84292,95847,108032,121286,135564,0.027,0.0296,0.0357,0.043,0.0517,0.0275,0.0274,0.0466,0.0551,0.0485
70,2932,3347,3687,2976,4271,3486,0.3258,0.3153,0.311,0.3223,0.3378,0.3528,57.3,59.6,62.4,65.7,69.5,71.3,0.0335,0.0361,0.0473,0.0297,0.0465,0.023,0.02,0.031,0.049,0.082,4.997,5.018,5.383,5.554,5.986,6.45,0,0.1,0.251,0.1284,1,5,6.6,6,5.2,4,5,5,4.4,7614,8579,9504,10350,11145,12122,0.0804,0.0856,0.0783,0.1165,0.1258,0.093,0.079,0.0847,0.1229,0.1477
71,1344,1439,1711,2113,2552,2599,0.3026,0.2947,0.2928,0.3002,0.3087,0.3236,53.2,56.3,59.1,61,63.1,65,0.0252,0.0102,0.032,0.0216,0.0258,0.017,0.019,0.014,0.012,0.021,2.677,3.001,3.114,3.975,4.233,4.533,0,0,0,0.01245,1,2,2,2,2.4,2,3,3,3.2,15939,18506,21360,23991,26906,29879,0.0617,0.0517,0.0525,0.0687,0.0572,0.0678,0.0556,0.0572,0.0576,0.0671
72,1143,1238,1403,2154,2607,2387,0.3166,0.3107,0.31,0.3041,0.3002,0.3027,53.4,56,58,60.4,63.1,65,0.0181,0.0314,0.037,0.0349,0.0417,0.021,0.019,0.02,0.021,0.017,2.952,3.183,3.101,3.987,5.401,5.584,0.3,0.1,0.3,0.2,0,7,5.2,2,2,4.333333,4,2,2.6,4413,5162,6051,7035,8123,9317,0.0775,0.068,0.0906,0.1215,0.1174,0.078,0.0805,0.0959,0.1367,0.1099
73,1386,1346,1546,1802,1623,1259,0.3011,0.2956,0.2985,0.3299,0.3815,0.4266,60.2,61.9,64.7,65.4,65.3,65.9,0.032,0.0427,0.0519,0.071,0.082,0.033,0.008,0.013,0.035,0.078,4.514,4.188,3.971,4.357,4.603,5.109,    ,0,0,0.2655,0,3.333333,3.6,4.8,5,2.666667,3.2,4.4,4.8,569,645,709,734,759,790,0.3964,0.364,0.3356,0.3055,0.2666,0.362,0.3699,0.348,0.3486,0.3351
74,991,1072,1189,1388,1979,1996,0.3205,0.3178,0.3156,0.3288,0.333,0.3312,63.9,64.7,65.3,65.8,66.3,66.7,0.0145,0.0197,0.0198,0.0149,0.0182,0.017,0.019,0.017,0.015,0.016,3.352,3.544,3.738,4.248,4.627,4.704,0.2495,0,0,0,0,4.666667,5,5,5,5.333333,5.4,5,5.2,1774,2051,2351,2682,3147,3693,0.0668,0.0649,0.0739,0.1048,0.0979,0.0787,0.0804,0.0795,0.1323,0.1618
75,1721,2100,2285,2515,2456,2114,0.3199,0.3036,0.293,0.3006,0.3107,0.3201,48,50.6,53.9,56.4,58,60.3,0.0259,0.039,0.0348,0.0283,0.0275,0.027,0.03,0.036,0.041,0.068,3,3.283,3.75,4.363,5.442,5.786,0.1,0.1,0,0.2,1,6.666667,5.6,2,2,5.666667,4,3,3.2,9931,11467,13193,15161,17295,19417,0.0872,0.0865,0.0764,0.0791,0.0815,0.0938,0.0994,0.0866,0.0997,0.0907
76,1558,1858,2365,2852,3760,3522,0.2793,0.2697,0.2661,0.2788,0.2921,0.294,    ,    ,    ,    ,    ,    ,0.0578,     ,     ,0.0545,0.0774,     ,     ,0,0,0.024,    ,    ,    ,    ,    ,    ,    ,     ,    ,0,0,2,2,7,4.4,2,2,5.6,4.2,290,332,372,364,352,383,0.2791,0.3125,0.339,0.3899,0.3253,0.354,0.3224,0.3141,0.4089,0.3909
77,3271,3155,3453,3657,4502,3462,0.4054,0.397,0.3957,0.3967,0.3932,0.3983,67.3,68.1,68.8,69.3,70.1,70.8,0.0261,0.0283,0.0366,0.0197,0.0229,0.014,0.017,0.022,0.022,0.033,4.277,4.574,4.786,5.686,5.8,6.454,0,0.0362,0.142,0,0,4.333333,5.8,5,1.8,4.666667,5.8,4.4,2,2538,2693,2808,2829,2914,3008,0.0557,0.057,0.0631,0.0875,0.101,0.0624,0.045,0.0673,0.1023,0.1144
78,5308,6509,6608,4908,4424,3548,0.3182,0.3014,0.29,0.308,0.3293,0.339,59.8,62.7,65.2,67.1,68.5,69.6,0.023,0.032,0.0418,0.0451,0.0531,0.019,0.02,0.018,0.019,0.03,2.53,2.636,2.925,3.77,4.93,5.368,0.7259,0.1,0,0.0076,0,2,1.2,1,1,2,2,2,2.2,7502,8970,10604,12665,15024,17317,0.3178,0.2245,0.2131,0.1882,0.1997,0.1583,0.1467,0.1437,0.2021,0.1565
79,671,669,664,688,596,    ,0.3343,0.3342,0.3309,0.3167,0.3008,0.274,    ,    ,    ,    ,    ,    ,     ,     ,     ,     ,      ,     ,     ,     ,     ,     ,0.979,0.819,0.725,0.727,0.836,1.06,0,0,0.1,0.31965,    ,6,7,7,6.8,5.666667,6.4,7,6.8,10775,12071,13623,15378,16063,14519,    ,     ,    ,     ,     ,    ,     ,     ,     ,
80,   ,    ,    ,8402,9185,8192,     ,     ,     ,0.3385,0.4006,0.434,    ,    ,    ,    ,    ,    ,     ,     ,     ,0.027,0.0267,     ,     ,     ,     ,     ,1.284,1.359,1.735,2.253,3.969,4.419,    ,     ,0,0,    ,4.666667,6,5,5,4.333333,4,4.8,5,156,191,220,272,347,429,    ,     ,    ,     ,     ,    ,     ,     ,     ,
81,444,470,458,501,540,647,0.3392,0.3223,0.3076,0.2964,0.2872,0.2868,43.6,44.5,44.9,46,47.9,49.9,0.0063,0.0127,0.0182,0.0133,0.0163,0.003,0.003,0.006,0.012,0.014,0.794,0.948,0.845,1.021,1.681,1.974,    ,     ,0.002235,0.301305,1,3.333333,5.4,4.6,4.2,4,3.8,4.4,4.8,51419,58312,66671,76582,88219,101147,0.041,0.0406,0.0232,0.0143,0.0144,0.044,0.0511,0.0407,0.0397,0.0455
82,306,399,398,397,483,557,0.459,0.4546,0.4476,0.4494,0.4526,0.452,    ,    ,    ,    ,    ,    ,     ,     ,     ,     ,      ,0.062,0.059,0.053,0.036,0.035,1.01,0.995,1.123,0.985,1.464,2.019,0.1,0,0.2,0.4,1,7,6.6,7,7,5,6,6.4,6.8,21746,24167,27102,30441,33821,37544,    ,     ,    ,     ,     ,    ,     ,     ,     ,
84,1737,2704,3555,4512,7268,9093,0.3894,0.3903,0.4173,0.468,0.5023,0.5253,66,67.7,70,71.6,74.1,75.8,0.0194,0.0227,0.0245,0.0249,0.0276,0.004,0.006,0.005,0.005,0.008,5.189,4.904,5.166,5.617,6.734,7.511,0,0,0,0,0,     ,    ,    ,    ,    ,    ,    ,    ,3075,3692,3942,4396,5039,5456,0.4245,0.4683,0.5958,0.689,0.6535,0.498,0.4796,0.5819,0.6831,0.6724
85,533,538,576,592,614,750,0.4426,0.4259,0.4088,0.3973,0.386,0.3833,42.5,45.2,47.5,50.4,53.7,56.7,0.0243,0.025,0.0244,0.0305,0.0301,0.028,0.032,0.032,0.034,0.033,1.427,1.629,1.899,2.405,2.715,3.046,0.00046,0.200775,0.100366,0.000475,1,2,2,2,2,3,3.2,3,3,442344,495156,554911,620701,688856,769183,0.0201,0.0178,0.0188,0.0294,0.0281,0.0341,0.0289,0.0222,0.0317,0.041
86,493,463,490,706,931,1209,     ,0.3902,0.3883,0.3822,0.3793,0.3853,41.5,44.1,47.4,51.2,54.7,58.5,0.025,     ,0.0242,0.0199,0.0181,0.042,0.024,0.029,0.036,0.038,1.107,1.598,2.285,2.631,3.086,3.75,0.101675,0.400885,0,0.1,1,5,5,5,5,5,5,5.2,5.6,96194,107041,120280,135666,150958,167332,0.0298,0.0272,0.0682,0.1162,0.1077,0.0297,0.0406,0.0608,0.0989,0.0897
87,1839,2216,2816,4555,2944,3922,0.2942,0.2889,0.2854,0.2841,0.2855,0.2831,46,50,55.9,58.5,60.6,    ,0.0261,0.0263,0.0307,0.0552,0.0467,0.04,0.06,0.102,0.124,0.058,0.452,0.843,1.216,1.881,2.323,3.281,0.1,0.004155,0.01015,0.32485,1,5,5.8,5.6,5.2,6,5.6,5.8,5.8,20301,24078,28397,33344,38635,44632,    ,     ,    ,     ,     ,    ,     ,     ,     ,
88,2527,3173,3317,3909,4408,2813,0.2671,0.2621,0.2553,0.2643,0.2689,0.2698,46,51.6,53,61.4,62.4,63,0.0512,0.0473,0.0458,0.0357,0.0268,0.074,0.093,0.127,0.096,0.255,0.214,0.399,1.126,1.839,2.456,3.039,0.7,0.4,0.3207,0.30815,1,7,6.8,6.8,7,7,6.8,7,6.8,6847,7976,9356,11020,13291,15898,    ,     ,    ,     ,     ,    ,     ,     ,     ,
89,2838,3771,4861,6120,6145,6270,0.359,0.3555,0.3679,0.364,0.3729,0.3803,71.7,72.2,71.2,72.1,72.8,75,     ,0.0685,0.0683,0.073,0.0792,0.064,0.161,0.329,0.28,0.265,6.842,7.098,7.622,8.15,9.135,9.41,0,0,0.03175,0,1,2,2,2,2,3,2.6,2,2,2114,2563,2974,3455,3878,4233,0.1549,0.1814,0.2132,0.2898,0.2822,0.2861,0.2875,0.3642,0.4316,0.373
90,2239,3391,5496,6518,8117,9447,0.4752,0.4935,0.5104,0.4926,0.4889,0.495,67.7,70.3,71.9,74.3,76,77.3,0.0413,0.0406,0.0448,0.0559,0.0559,0.01,0.009,0.008,0.009,0.009,6.71,6.882,6.8,7.291,8.166,8.458,0.00422,0,0.000945,0.000885,0,2,2,1,1,1,1,1,1,94096,98881,104331,111524,116807,120837,0.057,0.0711,0.1032,0.1505,0.172,0.0609,0.0645,0.0958,0.1429,0.1614
91,1124,1577,1421,1410,1885,2113,0.259,0.2578,0.2536,0.2359,0.2207,0.2279,47.2,50.3,54.6,59.3,62.7,65,0.039,0.034,0.0474,0.053,0.0667,0.166,0.166,0.169,0.17,0.136,1.396,1.745,1.607,2.759,2.933,4.308,0.059,0.1,0.5715,0,1,6,6,5.8,5.2,6,6,5.8,5,1695,1962,2299,2600,2923,3407,    ,     ,0.073,0.2172,0.2566,    ,     ,0.2227,0.5156,0.5523
92,690,797,1189,1829,2369,3056,0.3381,0.3438,0.3573,0.3674,0.3863,0.4089,54.2,56.7,59.9,63.9,66.8,68.7,0.0436,0.029,0.0414,0.0264,0.0423,0.051,0.04,0.041,0.056,0.057,3.231,4.426,5.583,5.929,6.849,7.85,0.10404,0.1,0.20289,0.302665,0,5,4.8,5,3.2,6,5.2,5.8,4,25003,28530,31923,35281,38124,40806,0.0206,0.0424,0.0903,0.1726,0.2269,0.0618,0.0807,0.1229,0.1955,0.2475
94,1103,1309,1525,2239,3112,3415,0.3461,0.34,0.3404,0.3622,0.3878,0.3935,54.3,57.9,61.5,64.4,66.9,68.9,0.0332,0.0387,0.043,0.0557,0.0631,0.02,0.035,0.04,0.049,0.07,2.336,2.82,3.404,4.042,4.489,5.361,0,0,0,0.10815,0,2.666667,3,3,3.6,3,3.8,4.2,4.8,8140,9502,10853,12258,13763,15677,0.2295,0.1973,0.1922,0.2496,0.2331,0.199,0.1696,0.1821,0.2167,0.2462
95,478,507,506,494,490,526,0.4908,0.4707,0.4529,0.4376,0.4193,0.4116,38.5,40.3,42.4,44.8,47.3,49.9,0.0052,0.0062,0.0093,0.0155,0.0221,0.005,0.005,0.007,0.009,0.011,0.072,0.103,0.04,0.376,0.526,0.858,0.2,0,0,0,0,6,5.8,3,3.2,5,4.8,4,4.2,9404,10344,11488,13000,14858,16915,    ,0.0271,0.0199,0.0305,0.0271,    ,0.0369,0.0315,0.0418,0.0465
96,   ,    ,7308,9310,6209,7792,     ,     ,     ,     ,0.2846,0.2907,40.3,42.8,45.3,48.2,51.1,54.2,     ,     ,0.0137,0.0202,0.0239,     ,     ,0.176,0.265,0.215,    ,    ,    ,    ,    ,    ,    ,     ,    ,    ,0,7,6.2,6,6,6,6,6,6,505,571,654,766,984,1242,    ,     ,    ,     ,0.5982,    ,     ,     ,     ,0.3969
97,558,772,797,836,989,1153,0.3432,0.3323,0.319,0.3121,0.3078,0.3099,43.3,45.8,48.1,50.5,53,55.5,0.0252,0.025,0.0177,0.0217,0.0209,0.026,0.038,0.056,0.057,0.063,0.628,1.121,1.679,1.693,1.737,1.92,0,0.003445,0.304645,0.10141,1,3,5.4,7,3.6,5,5,5,4.2,49955,57145,65706,74734,85299,103233,0.0178,0.0219,0.0281,0.0301,0.0345,0.0634,0.054,0.0459,0.0607,0.0654
98,874,972,1094,1321,1551,1361,0.3816,0.3738,0.3661,0.3602,0.356,0.3561,53.1,55.5,57.2,59.1,61,62.8,0.0262,0.0245,0.0205,0.0182,0.0164,0.013,0.012,0.016,0.027,0.022,3.776,4.222,4.833,5.412,6,6.481,0,0,0.1177,0.60452,1,4.666667,5,4.8,2.8,5.333333,5,4.6,2.6,27561,32030,37540,42565,48317,55121,0.0695,0.072,0.0703,0.0732,0.074,0.0728,0.0782,0.0716,0.0951,0.0936
99,3635,5651,7405,10791,11101,5971,0.2817,0.2817,0.2764,0.2883,0.2935,0.2959,44.7,48.3,52.3,56.3,59.7,62.4,0.0443,0.0437,0.0466,0.0767,0.0622,0.055,0.083,0.068,0.17,0.178,    ,    ,    ,    ,    ,    ,0.2,0.1,0,0.0138,0,6,6,6,6.2,6,6,6.4,6.8,4075,4793,5745,7251,9372,11595,0.4137,0.4135,0.5564,0.7796,0.629,0.1674,0.1968,0.1647,0.3688,0.3957
100,1528,1753,2869,4130,5817,9834,0.3285,0.3321,0.3499,0.3977,0.4621,0.4793,63.7,65.7,67.7,69.7,71.5,72.5,0.0382,0.0413,0.0278,0.0264,0.0345,0.003,0.033,0.053,0.06,0.05,2.987,3.25,3.78,4.062,3.691,4.553,    ,0,0,0,0,5,5,4.2,4,5,5,5,4.8,1634,1880,2075,2263,2415,2558,0.7712,0.6597,0.747,     ,     ,0.8137,0.7105,0.8489,     ,
101,974,971,1018,953,1199,1539,0.359,0.3528,0.3473,0.3608,0.3703,0.3738,62.3,63.9,63.5,65.1,68,69.8,0.0401,0.0365,0.0349,0.0249,0.0295,0.01,0.008,0.01,0.01,0.015,3.426,4.052,4.95,5.071,5.183,5.371,0,0,0.1,0,1,2,2,2.4,3.2,3,3,3.4,4.2,9889,11164,12514,13603,14819,16110,0.134,0.0996,0.0692,0.0716,0.0602,0.1433,0.1132,0.0781,0.0822,0.0926
102,1234,1552,1581,2683,3071,2900,0.2771,0.264,0.2499,0.2487,0.2486,0.2482,50,52.8,55.8,58.8,61.6,64,0.034,0.0309,0.0361,0.052,0.057,0.075,0.082,0.114,0.157,0.159,0.994,1.374,1.67,2.278,3.106,3.987,0.75,0.2,0.3,0.147,1,6.666667,5.4,5.4,6.2,7,6.2,6.6,7,4561,5325,6258,7438,8800,10458,0.086,0.0725,0.0797,0.0707,0.0485,0.0898,0.0867,0.1018,0.1333,0.0951
103,866,1133,1514,2033,2921,3581,0.3352,0.3249,0.3171,0.3439,0.3723,0.3973,65.4,67.2,69.6,71.4,72.4,72.8,0.0273,0.0288,0.0336,0.0359,0.0433,0.1,0.105,0.083,0.07,0.067,3.239,3.807,4.381,4.992,6.365,6.999,    ,0,0.1068,0,0,6,5.2,5,4.8,5,4.6,5.2,4,10792,12628,14676,16150,17805,19258,    ,     ,    ,     ,     ,    ,     ,     ,     ,
104,688,833,1063,1307,1694,1900,0.5093,0.5047,0.4998,0.4964,0.505,0.5158,52.7,55.6,58.4,60.6,62.2,63.8,0.0209,0.0258,0.0305,0.0347,0.0373,0.025,0.025,0.032,0.039,0.05,3.451,3.242,3.54,3.764,3.765,5.081,0,0,0.2,0.302295,1,6,4.8,3,2.8,3.666667,4.2,4,3.2,26392,30641,35745,41359,46718,51604,0.0558,0.0604,0.0636,0.078,0.0828,0.0613,0.0685,0.0721,0.096,0.1016
105,   ,    ,23937,19432,25646,12404,     ,     ,0.4222,0.4448,0.5232,0.5059,53.4,57.4,61.1,65.1,68.2,70.1,     ,     ,0.0089,0.015,0.0152,     ,     ,     ,0.038,0.066,    ,    ,    ,3.776,    ,    ,    ,     ,0.9395,0,    ,6.333333,5.2,5,5.2,5,5,5,5,90,144,223,505,1015,1349,    ,     ,0.8687,0.8381,0.8001,    ,     ,0.281,0.41,0.419
106,   ,    ,527,760,957,978,     ,     ,0.2548,0.2313,0.2093,0.2107,37.4,39.9,42.4,44.9,47.4,49.9,     ,     ,0.0109,0.017,0.0732,     ,0.026,0.038,0.103,0.193,    ,    ,    ,0.086,0.156,0.812,    ,0.596,0.11745,0.14605,0,4.666667,6,5.8,5,4,4.8,5,5,4039,4492,4835,5337,6357,7621,    ,     ,0.0062,0.0133,0.0229,    ,     ,0.0654,0.1624,0.2175
107,3908,4680,5843,7042,8230,8929,0.4802,0.4473,0.4191,0.4293,0.4453,0.4638,68.8,69.6,70.3,71.4,72.7,73.7,0.0299,0.0423,0.0492,0.0561,0.0579,0.012,0.012,0.01,0.012,0.012,3.651,4.002,5.922,6.094,6.224,6.642,0,0,0,0,0,1,1,1,1,1,1,1,1,7048,7271,7467,7579,7549,7558,0.1687,0.1899,0.2753,0.3904,0.3897,0.1635,0.1925,0.2718,0.3994,0.3917
108,4379,5445,6750,7917,9228,9717,0.3852,0.3769,0.3745,0.3854,0.4009,0.4151,69.7,70.9,71.2,71.9,73.2,74.3,0.0507,0.048,0.0508,0.0618,0.0594,0.035,0.031,0.028,0.032,0.033,7.362,7.592,7.711,8.364,8.794,9.152,0,0,0,0,0,1,1,1,1,1,1,1,1,9153,9464,9656,9796,9852,9858,0.2629,0.3165,0.4529,0.665,0.6602,0.2698,0.3165,0.4343,0.6752,0.6707
109,1692,2294,3028,2492,4282,5310,0.4101,0.4223,0.4179,0.4506,0.4658,0.4685,68.8,69.9,71,72.8,74.4,75.4,0.013,0.02,0.0447,0.0376,0.0379,0.024,0.017,0.014,0.022,0.017,4.293,4.839,5.56,7.258,7.152,7.128,0.1745,0,0.654,0.2,1,3.333333,3.2,1.4,1,3.666667,4,2.2,1.8,573,582,615,609,629,665,    ,     ,    ,0.2826,0.3152,    ,     ,     ,0.4044,0.4054
110,5490,6821,7776,8374,9598,10884,0.4567,0.469,0.4828,0.5014,0.5278,0.5444,72.2,72.7,73.2,73.8,74.1,74.9,0.044,0.0615,0.0729,0.0682,0.0668,0.028,0.027,0.023,0.024,0.024,9.384,9.508,9.626,9.913,10.139,10.331,0,0,0,0,0,1,1,1,1,1,1,1,1,4581,4758,4929,5060,5123,5122,0.2201,0.2389,0.3055,0.4243,0.4153,0.2311,0.2535,0.3255,0.4657,0.4091
111,4073,4932,6186,7203,8393,9232,0.4569,0.4623,0.4776,0.4858,0.4981,0.5069,68.5,69.3,70.3,71.6,73.2,75,0.0551,0.0601,0.0579,0.0602,0.0547,0.019,0.016,0.014,0.016,0.02,7.447,7.777,8.335,8.809,9.609,9.491,0,0,0,0,0,2,2,2,1.4,2,2,2,1.8,4430,4564,4606,4711,4780,4902,0.1769,0.1923,0.2438,0.3413,0.3542,0.185,0.196,0.2578,0.3425,0.345
112,4473,5536,7078,8358,9688,9918,0.4321,0.4233,0.425,0.4278,0.4386,0.4466,70.4,71.3,72,73.2,74.9,76.6,0.0289,0.0397,0.0442,0.0498,0.0557,0.059,0.048,0.039,0.039,0.041,4.057,4.711,4.763,5.223,5.968,6.523,0.004295,0.00205,0.00197,0.00189,0,1,1,1,1,2,1.5,2,2,45684,48758,50772,52699,53880,55170,0.1099,0.1191,0.1662,0.2423,0.2334,0.102,0.1167,0.1617,0.2361,0.2418
113,5217,6209,7443,8067,9795,10708,0.4722,0.4528,0.4436,0.4466,0.4602,0.4817,69.4,70.2,70.5,71.6,73.2,74.3,0.0297,0.035,0.0426,0.0477,0.0464,0.045,0.04,0.034,0.034,0.034,7.622,7.916,8.141,8.208,8.457,8.544,0,0.00168,0.004845,0,0,1,1,1,1,1,1.5,2,1.8,55433,59012,60651,61829,61566,61024,0.1472,0.1753,0.2597,0.3624,0.3484,0.1332,0.1553,0.2288,0.3316,0.3316
114,1474,2134,2952,3770,4383,4464,0.4065,0.3975,0.388,0.391,0.3804,0.3811,68.8,70.4,71.8,72.9,74.3,75.9,0.0164,0.0199,0.018,0.0217,0.0259,0.041,0.042,0.045,0.065,0.066,4.415,5.018,5.185,5.849,6.556,6.727,0.0118,0.2,0.1,0.1109,1,3.333333,2,1.2,1.8,3.333333,2,2,2,8327,8551,8793,9047,9643,9934,0.0712,0.0799,0.1044,0.1646,0.1598,0.1308,0.1496,0.1796,0.2434,0.2224
116,4644,5790,6157,7689,9285,9037,0.3921,0.4017,0.4314,0.4654,0.5132,0.527,    ,    ,    ,    ,    ,    ,0.0287,0.0347,0.0417,0.0385,0.0345,     ,     ,0,0,0,5.677,5.98,6.374,6.863,7.398,7.889,0,0,0,0,0,1,1,1,1,1,1,1,1,176,192,204,218,228,241,0.4121,0.4026,0.4427,0.5231,0.4614,0.408,0.4293,0.4863,0.5263,0.4656
117,2545,2977,3628,4157,4929,5205,0.3948,0.3898,0.381,0.3744,0.3702,0.3882,69.7,70.8,71.1,71.7,72.6,73.5,0.0341,0.0453,0.0499,0.0601,0.0631,0.014,0.013,0.015,0.017,0.018,6.448,6.449,6.519,6.729,7.605,8.008,0,0,0.032,0.03055,0,1,1,1,1,2,1.2,1,1,2834,2876,2954,3177,3401,3552,0.2195,0.2593,0.2866,0.4234,0.4795,0.2614,0.3047,0.35,0.5164,0.5594
118,3233,3952,5028,5685,7164,7425,0.4128,0.4008,0.3905,0.3867,0.3888,0.3984,69.4,70.4,71.7,72.6,74.7,76.3,0.0365,0.0388,0.0392,0.0408,0.0328,0.032,0.031,0.029,0.025,0.022,4.56,4.83,5.215,5.314,5.83,6.276,0,0,0,0.1482,0,1,1.8,1,1,2,1.6,1.8,1,50200,52112,53822,55441,56434,57141,0.0752,0.1023,0.1296,0.1811,0.1698,0.0842,0.0974,0.1458,0.1876,0.1921
120,1282,1355,2068,3099,4630,5319,0.2888,0.3176,0.3313,0.364,0.3626,0.4029,    ,69.4,    ,70.5,    ,    ,0.0466,0.058,0.0592,0.0398,0.0355,     ,     ,0.013,0.014,0.009,5.114,5.133,5.521,5.872,6.341,6.895,    ,0,0,0,0,1,1.6,2,1.4,1.333333,1.8,3.4,2.6,329,320,326,328,364,344,0.4145,0.362,0.3874,0.5801,0.5044,0.5109,0.4909,0.5473,0.6494,0.5795
121,4690,5581,6915,8031,9036,9092,0.3548,0.3567,0.3618,0.3714,0.3859,0.4045,73.3,73.5,73.5,74.4,75.7,76.5,0.0531,0.064,0.0748,0.0807,0.0751,0.044,0.038,0.034,0.033,0.032,5.365,5.693,7.674,7.895,8.199,8.572,0,0,0,0,0,1,1,1,1,1,1,1,1,11480,12292,13032,13653,14144,14484,0.2816,0.2998,0.4407,0.6158,0.596,0.2827,0.3042,0.4257,0.5984,0.5656
122,5001,6205,7104,8580,11094,12623,0.3926,0.4036,0.4142,0.443,0.4796,0.491,73.4,73.7,74.2,75,75.7,76.5,0.0461,0.0586,0.0671,0.0742,0.0672,0.034,0.036,0.033,0.031,0.029,5.626,5.863,6.757,10.191,10.316,10.382,0,0,0,0,0,1,1,1,1,1,1,1,1,3581,3723,3877,4007,4086,4153,0.3229,0.3729,0.4724,0.598,0.5681,0.3448,0.3732,0.4885,0.6707,0.4801
124,1429,1850,2575,3057,3733,3729,0.3801,0.3716,0.3745,0.407,0.4386,0.4492,63.7,65.5,67.4,68.9,71.4,72.9,0.0165,0.0143,0.0194,0.0394,0.0438,0.062,0.068,0.069,0.04,0.034,1.939,1.783,1.21,2.068,3.23,3.827,0.1,0,0.3,0.2,0,5,2.6,1.4,1,4,2.2,2,2,8826,9129,9044,9093,9766,10157,0.1037,0.1553,0.1669,0.1418,0.166,0.1375,0.1787,0.2201,0.23,0.2509
125,2425,3446,4379,5478,6131,6437,0.3797,0.3668,0.3539,0.3496,0.3449,0.3563,68.9,70.9,72.3,73.2,74.9,76.3,0.0117,0.015,0.0196,0.0212,0.0277,0.02,0.02,0.016,0.021,0.032,3.429,3.851,4.781,4.4,5.152,5.585,0,0,0.002875,0.0705,0,5,3.2,1.4,1,5.333333,3,2.4,1.8,30455,32056,33779,35596,37542,38602,0.048,0.0613,0.092,0.1272,0.1564,0.0492,0.0754,0.1004,0.1416,0.1656
126,5149,6438,7401,8351,8863,9904,0.4374,0.4516,0.4635,0.4808,0.501,0.5074,73.2,73.9,74.5,75,75.9,76.4,0.0499,0.0689,0.0723,0.0797,0.0843,0.041,0.039,0.036,0.032,0.028,7.58,7.616,7.466,7.896,9.469,9.447,0,0,0,0,0,1,1.2,1,1,1,1,1,1,7480,7734,8043,8193,8310,8350,0.2064,0.228,0.3238,0.4253,0.4013,0.2053,0.2327,0.3134,0.4358,0.3982
127,6834,7988,9164,9423,10013,10640,0.4672,0.4666,0.4757,0.4717,0.4796,0.4903,71.3,72,73.2,74.7,75.8,76.7,0.0342,0.0406,0.0448,0.0532,0.0521,0.027,0.025,0.021,0.02,0.018,6.866,6.862,6.22,6.26,9.666,9.088,0,0,0,0,0,1,1,1,1,1,1,1,1,5362,5857,6187,6339,6319,6470,0.1734,0.2102,0.2871,0.4666,0.443,0.1898,0.2065,0.3001,0.4393,0.4557
128,1255,1407,1702,2250,2319,2533,0.5076,0.4809,0.455,0.4376,0.4259,0.425,50.5,53.8,56.7,59.3,61,63.1,0.0264,0.0362,0.0406,0.0453,0.0288,0.05,0.046,0.042,0.057,0.051,1.945,2.156,1.965,2.122,2.616,3.294,0.30329,0,0.00269,0.1164,1,3.666667,3,4.2,2.6,3.333333,3,5,4,27509,31151,35321,40025,44438,50345,0.0268,0.0273,0.0314,0.0302,0.0533,0.0367,0.0327,0.0467,0.0643,0.0757
129,4970,5609,6319,7082,7975,8665,0.4627,0.4581,0.4595,0.4645,0.4749,0.4845,70.8,71.1,71.7,72.4,73.8,74.7,0.0451,0.052,0.0514,0.0601,0.0537,0.063,0.055,0.05,0.048,0.051,7.737,7.272,7.319,8.166,8.345,8.648,0,0,0.103555,0.303555,0,1,1,1,1,1,1,1,1,52372,54350,55632,56226,56330,56618,0.1518,0.1537,0.1845,0.2479,0.2627,0.1576,0.1571,0.194,0.25,0.2473
131,5182,5862,7344,7739,8349,8850,0.4058,0.4148,0.428,0.4325,0.459,0.4673,70.7,70.9,71.4,72.8,74.5,75.8,0.028,0.0375,0.0497,0.0618,0.0594,0.028,0.037,0.032,0.026,0.027,8.93,8.942,10.094,10.006,10.076,10.241,0,0.0086,0.0073,0,0,1,1,1,1,1,1,1,1,10315,11387,12552,13627,14695,15758,0.1095,0.1086,0.135,0.1707,0.1634,0.1109,0.1175,0.1294,0.1729,0.1853
132,1799,1833,2201,2769,3055,2893,0.2766,0.2792,0.2962,0.3092,0.3249,0.33,59.2,61.7,64.2,66.4,68.3,69.8,0.0147,     ,0.0423,0.0509,0.06,     ,0.002,0.002,0.004,0.004,4.937,6.4,5.115,5.117,6.02,6.756,    ,     ,0,0,0,2,2,2,4.2,2,2,2,3.4,394,464,520,576,634,699,0.1712,0.189,0.2201,0.2251,0.2273,0.1787,0.2123,0.2568,0.2439,0.261
133,5571,6118,6595,7423,7363,8000,0.3727,0.3746,0.3897,0.3922,0.4285,0.449,71,71.2,71.5,72.1,73.2,74.4,0.0332,0.0405,0.0514,0.0565,0.0521,0.019,0.021,0.018,0.018,0.02,9.612,9.54,9.693,11.158,12.141,12.039,0,0,0,0,0,1,1,1,1,1,1,1,1,2372,2628,2820,3083,3113,3247,0.1694,0.1607,0.1876,0.2216,0.244,0.1688,0.1562,0.2007,0.2447,0.2657
134,1008,1366,1664,1518,1528,1374,0.5399,0.5332,0.5165,0.5105,0.4932,0.4799,41,44.2,46.7,49.2,51.3,53.2,0.0303,0.0452,0.0556,0.061,      ,0.014,0.018,0.012,0.012,0.015,1.351,1.165,0.728,0.893,0.982,1.654,    ,     ,    ,0,0,3.5,2.2,2,2,2,2,2,2,1920,2148,2422,2729,3086,3460,0.0611,0.0634,0.1427,0.2087,0.1873,0.1011,0.1352,0.1817,0.2183,0.2691
